{
	"saveFilePaths": [ "" ],
	"files": "KSSaveData\\d",
	"filetype": "octp",
	"items": [
	{
		"name": "PlaySecond",
		"category": "1. General",
		"intArgs": [ 2, 4 ],
		"strArgs": [ "100000", "0024", "PlaySecond" ],
		"widget": {
			"type": "int",
			"minValue": 0,
			"maxValue": 3599999,
			"stepSize": 600
		}
	},
	{
		"name": "Gold",
		"category": "1. General",
		"intArgs": [ 2, 4 ],
		"strArgs": [ "0000", "0042", "Money_" ],
		"widget": {
			"type": "int",
			"minValue": 0,
			"maxValue": 9999999,
			"stepSize": 5000
		}
	},
	{
		"name": "Level",
		"category": "2. Olberic",
		"intArgs": [ 2, 2, 1 ],
		"strArgs": [ "F0000", "0092", "CharacterID" ],
		"widget": {
			"type": "int",
			"minValue": 1,
			"maxValue": 99,
			"stepSize": 1
		}
	},
	{
		"name": "Exp",
		"category": "2. Olberic",
		"intArgs": [ 2, 4, 1 ],
		"strArgs": [ "F0000", "00DB", "CharacterID" ],
		"widget": {
			"type": "int",
			"minValue": 0,
			"maxValue": 5505414,
			"stepSize": 500
		}
	},
	{
		"name": "Job Point",
		"category": "2. Olberic",
		"intArgs": [ 2, 4, 1 ],
		"strArgs": [ "F0000", "02C5", "CharacterID" ],
		"widget": {
			"type": "int",
			"minValue": 0,
			"maxValue": 999999,
			"stepSize": 500
		}
	},
	{
		"name": "Extra HP",
		"category": "2. Olberic",
		"intArgs": [ 2, 4, 1 ],
		"strArgs": [ "F0000", "1575", "CharacterID" ],
		"widget": {
			"type": "int",
			"minValue": 0,
			"maxValue": 20000,
			"stepSize": 50
		}
	},
	{
		"name": "Extra MP",
		"category": "2. Olberic",
		"intArgs": [ 2, 4, 1 ],
		"strArgs": [ "F0000", "15BD", "CharacterID" ],
		"widget": {
			"type": "int",
			"minValue": 0,
			"maxValue": 20000,
			"stepSize": 50
		}
	},
	{
		"name": "Extra ATK",
		"category": "2. Olberic",
		"intArgs": [ 2, 4, 1 ],
		"strArgs": [ "F0000", "1696", "CharacterID" ],
		"widget": {
			"type": "int",
			"minValue": 0,
			"maxValue": 2000,
			"stepSize": 10
		}
	},
	{
		"name": "Extra DEF",
		"category": "2. Olberic",
		"intArgs": [ 2, 4, 1 ],
		"strArgs": [ "F0000", "16DF", "CharacterID" ],
		"widget": {
			"type": "int",
			"minValue": 0,
			"maxValue": 2000,
			"stepSize": 10
		}
	},
	{
		"name": "Extra MATK",
		"category": "2. Olberic",
		"intArgs": [ 2, 4, 1 ],
		"strArgs": [ "F0000", "1729", "CharacterID" ],
		"widget": {
			"type": "int",
			"minValue": 0,
			"maxValue": 2000,
			"stepSize": 10
		}
	},
	{
		"name": "Extra MDEF",
		"category": "2. Olberic",
		"intArgs": [ 2, 4, 1 ],
		"strArgs": [ "F0000", "1773", "CharacterID" ],
		"widget": {
			"type": "int",
			"minValue": 0,
			"maxValue": 2000,
			"stepSize": 10
		}
	},
	{
		"name": "Extra ACC",
		"category": "2. Olberic",
		"intArgs": [ 2, 4, 1 ],
		"strArgs": [ "F0000", "17BC", "CharacterID" ],
		"widget": {
			"type": "int",
			"minValue": 0,
			"maxValue": 2000,
			"stepSize": 10
		}
	},
	{
		"name": "Extra EVA",
		"category": "2. Olberic",
		"intArgs": [ 2, 4, 1 ],
		"strArgs": [ "F0000", "1805", "CharacterID" ],
		"widget": {
			"type": "int",
			"minValue": 0,
			"maxValue": 2000,
			"stepSize": 10
		}
	},
	{
		"name": "Extra CON",
		"category": "2. Olberic",
		"intArgs": [ 2, 4, 1 ],
		"strArgs": [ "F0000", "184E", "CharacterID" ],
		"widget": {
			"type": "int",
			"minValue": 0,
			"maxValue": 2000,
			"stepSize": 10
		}
	},
	{
		"name": "Extra AGI",
		"category": "2. Olberic",
		"intArgs": [ 2, 4, 1 ],
		"strArgs": [ "F0000", "1897", "CharacterID" ],
		"widget": {
			"type": "int",
			"minValue": 0,
			"maxValue": 2000,
			"stepSize": 10
		}
	},
	{
		"name": "Level",
		"category": "3. Tressa",
		"intArgs": [ 2, 2, 2 ],
		"strArgs": [ "F0000", "0092", "CharacterID" ],
		"widget": {
			"type": "int",
			"minValue": 1,
			"maxValue": 99,
			"stepSize": 1
		}
	},
	{
		"name": "Exp",
		"category": "3. Tressa",
		"intArgs": [ 2, 4, 2 ],
		"strArgs": [ "F0000", "00DB", "CharacterID" ],
		"widget": {
			"type": "int",
			"minValue": 0,
			"maxValue": 5505414,
			"stepSize": 500
		}
	},
	{
		"name": "Job Point",
		"category": "3. Tressa",
		"intArgs": [ 2, 4, 2 ],
		"strArgs": [ "F0000", "02C5", "CharacterID" ],
		"widget": {
			"type": "int",
			"minValue": 0,
			"maxValue": 999999,
			"stepSize": 500
		}
	},
	{
		"name": "Extra HP",
		"category": "3. Tressa",
		"intArgs": [ 2, 4, 2 ],
		"strArgs": [ "F0000", "1575", "CharacterID" ],
		"widget": {
			"type": "int",
			"minValue": 0,
			"maxValue": 20000,
			"stepSize": 50
		}
	},
	{
		"name": "Extra MP",
		"category": "3. Tressa",
		"intArgs": [ 2, 4, 2 ],
		"strArgs": [ "F0000", "15BD", "CharacterID" ],
		"widget": {
			"type": "int",
			"minValue": 0,
			"maxValue": 20000,
			"stepSize": 50
		}
	},
	{
		"name": "Extra ATK",
		"category": "3. Tressa",
		"intArgs": [ 2, 4, 2 ],
		"strArgs": [ "F0000", "1696", "CharacterID" ],
		"widget": {
			"type": "int",
			"minValue": 0,
			"maxValue": 2000,
			"stepSize": 10
		}
	},
	{
		"name": "Extra DEF",
		"category": "3. Tressa",
		"intArgs": [ 2, 4, 2 ],
		"strArgs": [ "F0000", "16DF", "CharacterID" ],
		"widget": {
			"type": "int",
			"minValue": 0,
			"maxValue": 2000,
			"stepSize": 10
		}
	},
	{
		"name": "Extra MATK",
		"category": "3. Tressa",
		"intArgs": [ 2, 4, 2 ],
		"strArgs": [ "F0000", "1729", "CharacterID" ],
		"widget": {
			"type": "int",
			"minValue": 0,
			"maxValue": 2000,
			"stepSize": 10
		}
	},
	{
		"name": "Extra MDEF",
		"category": "3. Tressa",
		"intArgs": [ 2, 4, 2 ],
		"strArgs": [ "F0000", "1773", "CharacterID" ],
		"widget": {
			"type": "int",
			"minValue": 0,
			"maxValue": 2000,
			"stepSize": 10
		}
	},
	{
		"name": "Extra ACC",
		"category": "3. Tressa",
		"intArgs": [ 2, 4, 2 ],
		"strArgs": [ "F0000", "17BC", "CharacterID" ],
		"widget": {
			"type": "int",
			"minValue": 0,
			"maxValue": 2000,
			"stepSize": 10
		}
	},
	{
		"name": "Extra EVA",
		"category": "3. Tressa",
		"intArgs": [ 2, 4, 2 ],
		"strArgs": [ "F0000", "1805", "CharacterID" ],
		"widget": {
			"type": "int",
			"minValue": 0,
			"maxValue": 2000,
			"stepSize": 10
		}
	},
	{
		"name": "Extra CON",
		"category": "3. Tressa",
		"intArgs": [ 2, 4, 2 ],
		"strArgs": [ "F0000", "184E", "CharacterID" ],
		"widget": {
			"type": "int",
			"minValue": 0,
			"maxValue": 2000,
			"stepSize": 10
		}
	},
	{
		"name": "Extra AGI",
		"category": "3. Tressa",
		"intArgs": [ 2, 4, 2 ],
		"strArgs": [ "F0000", "1897", "CharacterID" ],
		"widget": {
			"type": "int",
			"minValue": 0,
			"maxValue": 2000,
			"stepSize": 10
		}
	},
	{
		"name": "Level",
		"category": "4. Cyrus",
		"intArgs": [ 2, 2, 3 ],
		"strArgs": [ "F0000", "0092", "CharacterID" ],
		"widget": {
			"type": "int",
			"minValue": 1,
			"maxValue": 99,
			"stepSize": 1
		}
	},
	{
		"name": "Exp",
		"category": "4. Cyrus",
		"intArgs": [ 2, 4, 3 ],
		"strArgs": [ "F0000", "00DB", "CharacterID" ],
		"widget": {
			"type": "int",
			"minValue": 0,
			"maxValue": 5505414,
			"stepSize": 500
		}
	},
	{
		"name": "Job Point",
		"category": "4. Cyrus",
		"intArgs": [ 2, 4, 3 ],
		"strArgs": [ "F0000", "02C5", "CharacterID" ],
		"widget": {
			"type": "int",
			"minValue": 0,
			"maxValue": 999999,
			"stepSize": 500
		}
	},
	{
		"name": "Extra HP",
		"category": "4. Cyrus",
		"intArgs": [ 2, 4, 3 ],
		"strArgs": [ "F0000", "1575", "CharacterID" ],
		"widget": {
			"type": "int",
			"minValue": 0,
			"maxValue": 20000,
			"stepSize": 50
		}
	},
	{
		"name": "Extra MP",
		"category": "4. Cyrus",
		"intArgs": [ 2, 4, 3 ],
		"strArgs": [ "F0000", "15BD", "CharacterID" ],
		"widget": {
			"type": "int",
			"minValue": 0,
			"maxValue": 20000,
			"stepSize": 50
		}
	},
	{
		"name": "Extra ATK",
		"category": "4. Cyrus",
		"intArgs": [ 2, 4, 3 ],
		"strArgs": [ "F0000", "1696", "CharacterID" ],
		"widget": {
			"type": "int",
			"minValue": 0,
			"maxValue": 2000,
			"stepSize": 10
		}
	},
	{
		"name": "Extra DEF",
		"category": "4. Cyrus",
		"intArgs": [ 2, 4, 3 ],
		"strArgs": [ "F0000", "16DF", "CharacterID" ],
		"widget": {
			"type": "int",
			"minValue": 0,
			"maxValue": 2000,
			"stepSize": 10
		}
	},
	{
		"name": "Extra MATK",
		"category": "4. Cyrus",
		"intArgs": [ 2, 4, 3 ],
		"strArgs": [ "F0000", "1729", "CharacterID" ],
		"widget": {
			"type": "int",
			"minValue": 0,
			"maxValue": 2000,
			"stepSize": 10
		}
	},
	{
		"name": "Extra MDEF",
		"category": "4. Cyrus",
		"intArgs": [ 2, 4, 3 ],
		"strArgs": [ "F0000", "1773", "CharacterID" ],
		"widget": {
			"type": "int",
			"minValue": 0,
			"maxValue": 2000,
			"stepSize": 10
		}
	},
	{
		"name": "Extra ACC",
		"category": "4. Cyrus",
		"intArgs": [ 2, 4, 3 ],
		"strArgs": [ "F0000", "17BC", "CharacterID" ],
		"widget": {
			"type": "int",
			"minValue": 0,
			"maxValue": 2000,
			"stepSize": 10
		}
	},
	{
		"name": "Extra EVA",
		"category": "4. Cyrus",
		"intArgs": [ 2, 4, 3 ],
		"strArgs": [ "F0000", "1805", "CharacterID" ],
		"widget": {
			"type": "int",
			"minValue": 0,
			"maxValue": 2000,
			"stepSize": 10
		}
	},
	{
		"name": "Extra CON",
		"category": "4. Cyrus",
		"intArgs": [ 2, 4, 3 ],
		"strArgs": [ "F0000", "184E", "CharacterID" ],
		"widget": {
			"type": "int",
			"minValue": 0,
			"maxValue": 2000,
			"stepSize": 10
		}
	},
	{
		"name": "Extra AGI",
		"category": "4. Cyrus",
		"intArgs": [ 2, 4, 3 ],
		"strArgs": [ "F0000", "1897", "CharacterID" ],
		"widget": {
			"type": "int",
			"minValue": 0,
			"maxValue": 2000,
			"stepSize": 10
		}
	},
	{
		"name": "Level",
		"category": "5. Primrose",
		"intArgs": [ 2, 2, 4 ],
		"strArgs": [ "F0000", "0092", "CharacterID" ],
		"widget": {
			"type": "int",
			"minValue": 1,
			"maxValue": 99,
			"stepSize": 1
		}
	},
	{
		"name": "Exp",
		"category": "5. Primrose",
		"intArgs": [ 2, 4, 4 ],
		"strArgs": [ "F0000", "00DB", "CharacterID" ],
		"widget": {
			"type": "int",
			"minValue": 0,
			"maxValue": 5505414,
			"stepSize": 500
		}
	},
	{
		"name": "Job Point",
		"category": "5. Primrose",
		"intArgs": [ 2, 4, 4 ],
		"strArgs": [ "F0000", "02C5", "CharacterID" ],
		"widget": {
			"type": "int",
			"minValue": 0,
			"maxValue": 999999,
			"stepSize": 500
		}
	},
	{
		"name": "Extra HP",
		"category": "5. Primrose",
		"intArgs": [ 2, 4, 4 ],
		"strArgs": [ "F0000", "1575", "CharacterID" ],
		"widget": {
			"type": "int",
			"minValue": 0,
			"maxValue": 20000,
			"stepSize": 50
		}
	},
	{
		"name": "Extra MP",
		"category": "5. Primrose",
		"intArgs": [ 2, 4, 4 ],
		"strArgs": [ "F0000", "15BD", "CharacterID" ],
		"widget": {
			"type": "int",
			"minValue": 0,
			"maxValue": 20000,
			"stepSize": 50
		}
	},
	{
		"name": "Extra ATK",
		"category": "5. Primrose",
		"intArgs": [ 2, 4, 4 ],
		"strArgs": [ "F0000", "1696", "CharacterID" ],
		"widget": {
			"type": "int",
			"minValue": 0,
			"maxValue": 2000,
			"stepSize": 10
		}
	},
	{
		"name": "Extra DEF",
		"category": "5. Primrose",
		"intArgs": [ 2, 4, 4 ],
		"strArgs": [ "F0000", "16DF", "CharacterID" ],
		"widget": {
			"type": "int",
			"minValue": 0,
			"maxValue": 2000,
			"stepSize": 10
		}
	},
	{
		"name": "Extra MATK",
		"category": "5. Primrose",
		"intArgs": [ 2, 4, 4 ],
		"strArgs": [ "F0000", "1729", "CharacterID" ],
		"widget": {
			"type": "int",
			"minValue": 0,
			"maxValue": 2000,
			"stepSize": 10
		}
	},
	{
		"name": "Extra MDEF",
		"category": "5. Primrose",
		"intArgs": [ 2, 4, 4 ],
		"strArgs": [ "F0000", "1773", "CharacterID" ],
		"widget": {
			"type": "int",
			"minValue": 0,
			"maxValue": 2000,
			"stepSize": 10
		}
	},
	{
		"name": "Extra ACC",
		"category": "5. Primrose",
		"intArgs": [ 2, 4, 4 ],
		"strArgs": [ "F0000", "17BC", "CharacterID" ],
		"widget": {
			"type": "int",
			"minValue": 0,
			"maxValue": 2000,
			"stepSize": 10
		}
	},
	{
		"name": "Extra EVA",
		"category": "5. Primrose",
		"intArgs": [ 2, 4, 4 ],
		"strArgs": [ "F0000", "1805", "CharacterID" ],
		"widget": {
			"type": "int",
			"minValue": 0,
			"maxValue": 2000,
			"stepSize": 10
		}
	},
	{
		"name": "Extra CON",
		"category": "5. Primrose",
		"intArgs": [ 2, 4, 4 ],
		"strArgs": [ "F0000", "184E", "CharacterID" ],
		"widget": {
			"type": "int",
			"minValue": 0,
			"maxValue": 2000,
			"stepSize": 10
		}
	},
	{
		"name": "Extra AGI",
		"category": "5. Primrose",
		"intArgs": [ 2, 4, 4 ],
		"strArgs": [ "F0000", "1897", "CharacterID" ],
		"widget": {
			"type": "int",
			"minValue": 0,
			"maxValue": 2000,
			"stepSize": 10
		}
	},
	{
		"name": "Level",
		"category": "6. H'annit",
		"intArgs": [ 2, 2, 5 ],
		"strArgs": [ "F0000", "0092", "CharacterID" ],
		"widget": {
			"type": "int",
			"minValue": 1,
			"maxValue": 99,
			"stepSize": 1
		}
	},
	{
		"name": "Exp",
		"category": "6. H'annit",
		"intArgs": [ 2, 4, 5 ],
		"strArgs": [ "F0000", "00DB", "CharacterID" ],
		"widget": {
			"type": "int",
			"minValue": 0,
			"maxValue": 5505414,
			"stepSize": 500
		}
	},
	{
		"name": "Job Point",
		"category": "6. H'annit",
		"intArgs": [ 2, 4, 5 ],
		"strArgs": [ "F0000", "02C5", "CharacterID" ],
		"widget": {
			"type": "int",
			"minValue": 0,
			"maxValue": 999999,
			"stepSize": 500
		}
	},
	{
		"name": "Extra HP",
		"category": "6. H'annit",
		"intArgs": [ 2, 4, 5 ],
		"strArgs": [ "F0000", "1575", "CharacterID" ],
		"widget": {
			"type": "int",
			"minValue": 0,
			"maxValue": 20000,
			"stepSize": 50
		}
	},
	{
		"name": "Extra MP",
		"category": "6. H'annit",
		"intArgs": [ 2, 4, 5 ],
		"strArgs": [ "F0000", "15BD", "CharacterID" ],
		"widget": {
			"type": "int",
			"minValue": 0,
			"maxValue": 20000,
			"stepSize": 50
		}
	},
	{
		"name": "Extra ATK",
		"category": "6. H'annit",
		"intArgs": [ 2, 4, 5 ],
		"strArgs": [ "F0000", "1696", "CharacterID" ],
		"widget": {
			"type": "int",
			"minValue": 0,
			"maxValue": 2000,
			"stepSize": 10
		}
	},
	{
		"name": "Extra DEF",
		"category": "6. H'annit",
		"intArgs": [ 2, 4, 5 ],
		"strArgs": [ "F0000", "16DF", "CharacterID" ],
		"widget": {
			"type": "int",
			"minValue": 0,
			"maxValue": 2000,
			"stepSize": 10
		}
	},
	{
		"name": "Extra MATK",
		"category": "6. H'annit",
		"intArgs": [ 2, 4, 5 ],
		"strArgs": [ "F0000", "1729", "CharacterID" ],
		"widget": {
			"type": "int",
			"minValue": 0,
			"maxValue": 2000,
			"stepSize": 10
		}
	},
	{
		"name": "Extra MDEF",
		"category": "6. H'annit",
		"intArgs": [ 2, 4, 5 ],
		"strArgs": [ "F0000", "1773", "CharacterID" ],
		"widget": {
			"type": "int",
			"minValue": 0,
			"maxValue": 2000,
			"stepSize": 10
		}
	},
	{
		"name": "Extra ACC",
		"category": "6. H'annit",
		"intArgs": [ 2, 4, 5 ],
		"strArgs": [ "F0000", "17BC", "CharacterID" ],
		"widget": {
			"type": "int",
			"minValue": 0,
			"maxValue": 2000,
			"stepSize": 10
		}
	},
	{
		"name": "Extra EVA",
		"category": "6. H'annit",
		"intArgs": [ 2, 4, 5 ],
		"strArgs": [ "F0000", "1805", "CharacterID" ],
		"widget": {
			"type": "int",
			"minValue": 0,
			"maxValue": 2000,
			"stepSize": 10
		}
	},
	{
		"name": "Extra CON",
		"category": "6. H'annit",
		"intArgs": [ 2, 4, 5 ],
		"strArgs": [ "F0000", "184E", "CharacterID" ],
		"widget": {
			"type": "int",
			"minValue": 0,
			"maxValue": 2000,
			"stepSize": 10
		}
	},
	{
		"name": "Extra AGI",
		"category": "6. H'annit",
		"intArgs": [ 2, 4, 5 ],
		"strArgs": [ "F0000", "1897", "CharacterID" ],
		"widget": {
			"type": "int",
			"minValue": 0,
			"maxValue": 2000,
			"stepSize": 10
		}
	},
	{
		"name": "Level",
		"category": "7. Therion",
		"intArgs": [ 2, 2, 6 ],
		"strArgs": [ "F0000", "0092", "CharacterID" ],
		"widget": {
			"type": "int",
			"minValue": 1,
			"maxValue": 99,
			"stepSize": 1
		}
	},
	{
		"name": "Exp",
		"category": "7. Therion",
		"intArgs": [ 2, 4, 6 ],
		"strArgs": [ "F0000", "00DB", "CharacterID" ],
		"widget": {
			"type": "int",
			"minValue": 0,
			"maxValue": 5505414,
			"stepSize": 500
		}
	},
	{
		"name": "Job Point",
		"category": "7. Therion",
		"intArgs": [ 2, 4, 6 ],
		"strArgs": [ "F0000", "02C5", "CharacterID" ],
		"widget": {
			"type": "int",
			"minValue": 0,
			"maxValue": 999999,
			"stepSize": 500
		}
	},
	{
		"name": "Extra HP",
		"category": "7. Therion",
		"intArgs": [ 2, 4, 6 ],
		"strArgs": [ "F0000", "1575", "CharacterID" ],
		"widget": {
			"type": "int",
			"minValue": 0,
			"maxValue": 20000,
			"stepSize": 50
		}
	},
	{
		"name": "Extra MP",
		"category": "7. Therion",
		"intArgs": [ 2, 4, 6 ],
		"strArgs": [ "F0000", "15BD", "CharacterID" ],
		"widget": {
			"type": "int",
			"minValue": 0,
			"maxValue": 20000,
			"stepSize": 50
		}
	},
	{
		"name": "Extra ATK",
		"category": "7. Therion",
		"intArgs": [ 2, 4, 6 ],
		"strArgs": [ "F0000", "1696", "CharacterID" ],
		"widget": {
			"type": "int",
			"minValue": 0,
			"maxValue": 2000,
			"stepSize": 10
		}
	},
	{
		"name": "Extra DEF",
		"category": "7. Therion",
		"intArgs": [ 2, 4, 6 ],
		"strArgs": [ "F0000", "16DF", "CharacterID" ],
		"widget": {
			"type": "int",
			"minValue": 0,
			"maxValue": 2000,
			"stepSize": 10
		}
	},
	{
		"name": "Extra MATK",
		"category": "7. Therion",
		"intArgs": [ 2, 4, 6 ],
		"strArgs": [ "F0000", "1729", "CharacterID" ],
		"widget": {
			"type": "int",
			"minValue": 0,
			"maxValue": 2000,
			"stepSize": 10
		}
	},
	{
		"name": "Extra MDEF",
		"category": "7. Therion",
		"intArgs": [ 2, 4, 6 ],
		"strArgs": [ "F0000", "1773", "CharacterID" ],
		"widget": {
			"type": "int",
			"minValue": 0,
			"maxValue": 2000,
			"stepSize": 10
		}
	},
	{
		"name": "Extra ACC",
		"category": "7. Therion",
		"intArgs": [ 2, 4, 6 ],
		"strArgs": [ "F0000", "17BC", "CharacterID" ],
		"widget": {
			"type": "int",
			"minValue": 0,
			"maxValue": 2000,
			"stepSize": 10
		}
	},
	{
		"name": "Extra EVA",
		"category": "7. Therion",
		"intArgs": [ 2, 4, 6 ],
		"strArgs": [ "F0000", "1805", "CharacterID" ],
		"widget": {
			"type": "int",
			"minValue": 0,
			"maxValue": 2000,
			"stepSize": 10
		}
	},
	{
		"name": "Extra CON",
		"category": "7. Therion",
		"intArgs": [ 2, 4, 6 ],
		"strArgs": [ "F0000", "184E", "CharacterID" ],
		"widget": {
			"type": "int",
			"minValue": 0,
			"maxValue": 2000,
			"stepSize": 10
		}
	},
	{
		"name": "Extra AGI",
		"category": "7. Therion",
		"intArgs": [ 2, 4, 6 ],
		"strArgs": [ "F0000", "1897", "CharacterID" ],
		"widget": {
			"type": "int",
			"minValue": 0,
			"maxValue": 2000,
			"stepSize": 10
		}
	},
	{
		"name": "Level",
		"category": "8. Ophilia",
		"intArgs": [ 2, 2, 7 ],
		"strArgs": [ "F0000", "0092", "CharacterID" ],
		"widget": {
			"type": "int",
			"minValue": 1,
			"maxValue": 99,
			"stepSize": 1
		}
	},
	{
		"name": "Exp",
		"category": "8. Ophilia",
		"intArgs": [ 2, 4, 7 ],
		"strArgs": [ "F0000", "00DB", "CharacterID" ],
		"widget": {
			"type": "int",
			"minValue": 0,
			"maxValue": 5505414,
			"stepSize": 500
		}
	},
	{
		"name": "Job Point",
		"category": "8. Ophilia",
		"intArgs": [ 2, 4, 7 ],
		"strArgs": [ "F0000", "02C5", "CharacterID" ],
		"widget": {
			"type": "int",
			"minValue": 0,
			"maxValue": 999999,
			"stepSize": 500
		}
	},
	{
		"name": "Extra HP",
		"category": "8. Ophilia",
		"intArgs": [ 2, 4, 7 ],
		"strArgs": [ "F0000", "1575", "CharacterID" ],
		"widget": {
			"type": "int",
			"minValue": 0,
			"maxValue": 20000,
			"stepSize": 50
		}
	},
	{
		"name": "Extra MP",
		"category": "8. Ophilia",
		"intArgs": [ 2, 4, 7 ],
		"strArgs": [ "F0000", "15BD", "CharacterID" ],
		"widget": {
			"type": "int",
			"minValue": 0,
			"maxValue": 20000,
			"stepSize": 50
		}
	},
	{
		"name": "Extra ATK",
		"category": "8. Ophilia",
		"intArgs": [ 2, 4, 7 ],
		"strArgs": [ "F0000", "1696", "CharacterID" ],
		"widget": {
			"type": "int",
			"minValue": 0,
			"maxValue": 2000,
			"stepSize": 10
		}
	},
	{
		"name": "Extra DEF",
		"category": "8. Ophilia",
		"intArgs": [ 2, 4, 7 ],
		"strArgs": [ "F0000", "16DF", "CharacterID" ],
		"widget": {
			"type": "int",
			"minValue": 0,
			"maxValue": 2000,
			"stepSize": 10
		}
	},
	{
		"name": "Extra MATK",
		"category": "8. Ophilia",
		"intArgs": [ 2, 4, 7 ],
		"strArgs": [ "F0000", "1729", "CharacterID" ],
		"widget": {
			"type": "int",
			"minValue": 0,
			"maxValue": 2000,
			"stepSize": 10
		}
	},
	{
		"name": "Extra MDEF",
		"category": "8. Ophilia",
		"intArgs": [ 2, 4, 7 ],
		"strArgs": [ "F0000", "1773", "CharacterID" ],
		"widget": {
			"type": "int",
			"minValue": 0,
			"maxValue": 2000,
			"stepSize": 10
		}
	},
	{
		"name": "Extra ACC",
		"category": "8. Ophilia",
		"intArgs": [ 2, 4, 7 ],
		"strArgs": [ "F0000", "17BC", "CharacterID" ],
		"widget": {
			"type": "int",
			"minValue": 0,
			"maxValue": 2000,
			"stepSize": 10
		}
	},
	{
		"name": "Extra EVA",
		"category": "8. Ophilia",
		"intArgs": [ 2, 4, 7 ],
		"strArgs": [ "F0000", "1805", "CharacterID" ],
		"widget": {
			"type": "int",
			"minValue": 0,
			"maxValue": 2000,
			"stepSize": 10
		}
	},
	{
		"name": "Extra CON",
		"category": "8. Ophilia",
		"intArgs": [ 2, 4, 7 ],
		"strArgs": [ "F0000", "184E", "CharacterID" ],
		"widget": {
			"type": "int",
			"minValue": 0,
			"maxValue": 2000,
			"stepSize": 10
		}
	},
	{
		"name": "Extra AGI",
		"category": "8. Ophilia",
		"intArgs": [ 2, 4, 7 ],
		"strArgs": [ "F0000", "1897", "CharacterID" ],
		"widget": {
			"type": "int",
			"minValue": 0,
			"maxValue": 2000,
			"stepSize": 10
		}
	},
	{
		"name": "Level",
		"category": "9. Alfyn",
		"intArgs": [ 2, 2, 8 ],
		"strArgs": [ "F0000", "0092", "CharacterID" ],
		"widget": {
			"type": "int",
			"minValue": 1,
			"maxValue": 99,
			"stepSize": 1
		}
	},
	{
		"name": "Exp",
		"category": "9. Alfyn",
		"intArgs": [ 2, 4, 8 ],
		"strArgs": [ "F0000", "00DB", "CharacterID" ],
		"widget": {
			"type": "int",
			"minValue": 0,
			"maxValue": 5505414,
			"stepSize": 500
		}
	},
	{
		"name": "Job Point",
		"category": "9. Alfyn",
		"intArgs": [ 2, 4, 8 ],
		"strArgs": [ "F0000", "02C5", "CharacterID" ],
		"widget": {
			"type": "int",
			"minValue": 0,
			"maxValue": 999999,
			"stepSize": 500
		}
	},
	{
		"name": "Extra HP",
		"category": "9. Alfyn",
		"intArgs": [ 2, 4, 8 ],
		"strArgs": [ "F0000", "1575", "CharacterID" ],
		"widget": {
			"type": "int",
			"minValue": 0,
			"maxValue": 20000,
			"stepSize": 50
		}
	},
	{
		"name": "Extra MP",
		"category": "9. Alfyn",
		"intArgs": [ 2, 4, 8 ],
		"strArgs": [ "F0000", "15BD", "CharacterID" ],
		"widget": {
			"type": "int",
			"minValue": 0,
			"maxValue": 20000,
			"stepSize": 50
		}
	},
	{
		"name": "Extra ATK",
		"category": "9. Alfyn",
		"intArgs": [ 2, 4, 8 ],
		"strArgs": [ "F0000", "1696", "CharacterID" ],
		"widget": {
			"type": "int",
			"minValue": 0,
			"maxValue": 2000,
			"stepSize": 10
		}
	},
	{
		"name": "Extra DEF",
		"category": "9. Alfyn",
		"intArgs": [ 2, 4, 8 ],
		"strArgs": [ "F0000", "16DF", "CharacterID" ],
		"widget": {
			"type": "int",
			"minValue": 0,
			"maxValue": 2000,
			"stepSize": 10
		}
	},
	{
		"name": "Extra MATK",
		"category": "9. Alfyn",
		"intArgs": [ 2, 4, 8 ],
		"strArgs": [ "F0000", "1729", "CharacterID" ],
		"widget": {
			"type": "int",
			"minValue": 0,
			"maxValue": 2000,
			"stepSize": 10
		}
	},
	{
		"name": "Extra MDEF",
		"category": "9. Alfyn",
		"intArgs": [ 2, 4, 8 ],
		"strArgs": [ "F0000", "1773", "CharacterID" ],
		"widget": {
			"type": "int",
			"minValue": 0,
			"maxValue": 2000,
			"stepSize": 10
		}
	},
	{
		"name": "Extra ACC",
		"category": "9. Alfyn",
		"intArgs": [ 2, 4, 8 ],
		"strArgs": [ "F0000", "17BC", "CharacterID" ],
		"widget": {
			"type": "int",
			"minValue": 0,
			"maxValue": 2000,
			"stepSize": 10
		}
	},
	{
		"name": "Extra EVA",
		"category": "9. Alfyn",
		"intArgs": [ 2, 4, 8 ],
		"strArgs": [ "F0000", "1805", "CharacterID" ],
		"widget": {
			"type": "int",
			"minValue": 0,
			"maxValue": 2000,
			"stepSize": 10
		}
	},
	{
		"name": "Extra CON",
		"category": "9. Alfyn",
		"intArgs": [ 2, 4, 8 ],
		"strArgs": [ "F0000", "184E", "CharacterID" ],
		"widget": {
			"type": "int",
			"minValue": 0,
			"maxValue": 2000,
			"stepSize": 10
		}
	},
	{
		"name": "Extra AGI",
		"category": "9. Alfyn",
		"intArgs": [ 2, 4, 8 ],
		"strArgs": [ "F0000", "1897", "CharacterID" ],
		"widget": {
			"type": "int",
			"minValue": 0,
			"maxValue": 2000,
			"stepSize": 10
		}
	}
	]
}